mode,count,exact_match_rate,encrypt_time_ms_mean,decrypt_time_ms_mean,cipher_entropy_mean,cipher_adj_corr_abs_mean,cipher_size_bytes_mean,chosen_plaintext_npcr_mean,chosen_plaintext_uaci_mean
passphrase_only,167,1.0,333.76995329341315,327.99597185628744,7.9995251497006,0.0010181736526946106,1882724.9041916167,99.60997048502995,33.46355794011976
x25519_only,167,1.0,271.215451497006,274.89581017964065,7.999528946107784,0.0011361916167664673,1882724.9041916167,99.60956916167666,33.458328395209584
hybrid,167,1.0,320.7702185628742,329.2417958083832,7.999527347305388,0.0010333233532934132,1882724.9041916167,99.6093598802395,33.462419017964066
